#,Created At,Updated At,booking_reference,customer_name,destination,booking_status
1,2026-04-08T10:13:38.491Z,2026-04-08T10:13:38.491Z,BK16863,Sara Rahman,Penang,confirmed
2,2026-04-08T10:13:38.491Z,2026-04-08T10:13:38.491Z,BK54669,Khalid Hassan,Seoul,confirmed
3,2026-04-08T10:13:38.491Z,2026-04-08T10:13:38.491Z,BK10218,Huda Williams,Melbourne,confirmed
4,2026-04-08T10:13:38.491Z,2026-04-08T10:13:38.491Z,BK23374,Huda Hassan,Istanbul,confirmed
5,2026-04-08T10:13:38.491Z,2026-04-08T10:13:38.491Z,BK72511,Sara Garcia,Seoul,confirmed
6,2026-04-08T10:13:38.491Z,2026-04-08T10:13:38.491Z,BK89810,Hassan Miller,Kuala Lumpur,confirmed
7,2026-04-08T10:13:38.491Z,2026-04-08T10:13:38.491Z,BK99762,Mia Moore,Manila,pending
8,2026-04-08T10:13:38.491Z,2026-04-08T10:13:38.491Z,BK94600,Noor Rahman,Singapore,confirmed
9,2026-04-08T10:13:38.491Z,2026-04-08T10:13:38.491Z,BK19606,Adam Jones,Seoul,confirmed
10,2026-04-08T10:13:38.491Z,2026-04-08T10:13:38.491Z,BK92354,Emily Ali,Melbourne,pending
11,2026-04-08T10:13:38.491Z,2026-04-08T10:13:38.491Z,BK17828,Hassan Lim,Delhi,cancelled
12,2026-04-08T10:13:38.491Z,2026-04-08T10:13:38.491Z,BK68261,Michael Jones,Istanbul,confirmed
13,2026-04-08T10:13:38.491Z,2026-04-08T10:13:38.491Z,BK56143,Zain Tan,Kuala Lumpur,confirmed
14,2026-04-08T10:13:38.491Z,2026-04-08T10:13:38.491Z,BK21637,Omar Williams,Melbourne,confirmed
15,2026-04-08T10:13:38.491Z,2026-04-08T10:13:38.491Z,BK13819,John Tan,Delhi,confirmed
16,2026-04-08T10:13:38.491Z,2026-04-08T10:13:38.491Z,BK93372,Noor Williams,Sydney,confirmed
17,2026-04-08T10:13:38.491Z,2026-04-08T10:13:38.491Z,BK92250,Ali Miller,Jakarta,cancelled
18,2026-04-08T10:13:38.491Z,2026-04-08T10:13:38.491Z,BK61020,Emily Abdullah,Shanghai,pending
19,2026-04-08T10:13:38.491Z,2026-04-08T10:13:38.491Z,BK60626,Sophia Hassan,Kuala Lumpur,confirmed
20,2026-04-08T10:13:38.491Z,2026-04-08T10:13:38.491Z,BK97665,Daniel Lim,Singapore,confirmed
21,2026-04-08T10:13:38.491Z,2026-04-08T10:13:38.491Z,BK82951,Abdullah Smith,Delhi,pending
22,2026-04-08T10:13:38.491Z,2026-04-08T10:13:38.491Z,BK54575,Omar Tan,London,confirmed
23,2026-04-08T10:13:38.491Z,2026-04-08T10:13:38.491Z,BK75607,Omar Othman,Kuala Lumpur,confirmed
24,2026-04-08T10:13:38.491Z,2026-04-08T10:13:38.491Z,BK88656,John Rahman,Delhi,confirmed
25,2026-04-08T10:13:38.491Z,2026-04-08T10:13:38.491Z,BK73433,Olivia Brown,Mumbai,cancelled
26,2026-04-08T10:13:38.491Z,2026-04-08T10:13:38.491Z,BK75700,Rayyan Abdullah,Colombo,confirmed
27,2026-04-08T10:13:38.491Z,2026-04-08T10:13:38.491Z,BK26032,Maryam Hassan,Sydney,confirmed
28,2026-04-08T10:13:38.491Z,2026-04-08T10:13:38.491Z,BK38389,Nora Jones,Singapore,pending
29,2026-04-08T10:13:38.491Z,2026-04-08T10:13:38.491Z,BK59195,James Tan,Melbourne,confirmed
30,2026-04-08T10:13:38.491Z,2026-04-08T10:13:38.491Z,BK44788,James Moore,Melbourne,confirmed
31,2026-04-08T10:13:38.491Z,2026-04-08T10:13:38.491Z,BK71020,Ethan Smith,Bangkok,confirmed
32,2026-04-08T10:13:38.491Z,2026-04-08T10:13:38.491Z,BK69701,James Wilson,Dubai,confirmed
33,2026-04-08T10:13:38.491Z,2026-04-08T10:13:38.491Z,BK75071,Adam Abdullah,Dubai,confirmed
34,2026-04-08T10:13:38.491Z,2026-04-08T10:13:38.491Z,BK58467,Huda Yusof,Hong Kong,cancelled
35,2026-04-08T10:13:38.491Z,2026-04-08T10:13:38.491Z,BK86035,Huda Ali,Tokyo,confirmed
36,2026-04-08T10:13:38.491Z,2026-04-08T10:13:38.491Z,BK32022,Sophia Johnson,Colombo,confirmed
37,2026-04-08T10:13:38.491Z,2026-04-08T10:13:38.491Z,BK16110,Sara Miller,London,pending
38,2026-04-08T10:13:38.491Z,2026-04-08T10:13:38.491Z,BK39378,Layla Miller,Hong Kong,confirmed
39,2026-04-08T10:13:38.491Z,2026-04-08T10:13:38.491Z,BK35598,James Rahman,Hong Kong,confirmed
40,2026-04-08T10:13:38.491Z,2026-04-08T10:13:38.491Z,BK95732,Sophia Miller,Beijing,confirmed
41,2026-04-08T10:13:38.491Z,2026-04-08T10:13:38.491Z,BK41629,Ali Yusof,Melbourne,confirmed
42,2026-04-08T10:13:38.491Z,2026-04-08T10:13:38.491Z,BK81686,Ahmed Hassan,Jakarta,confirmed
43,2026-04-08T10:13:38.491Z,2026-04-08T10:13:38.491Z,BK94283,Lina Smith,Kuala Lumpur,confirmed
44,2026-04-08T10:13:38.491Z,2026-04-08T10:13:38.491Z,BK39482,Sophia Yusof,Melbourne,confirmed
45,2026-04-08T10:13:38.491Z,2026-04-08T10:13:38.491Z,BK75134,Khalid Hassan,Beijing,confirmed
46,2026-04-08T10:13:38.491Z,2026-04-08T10:13:38.491Z,BK25991,Daniel Johnson,Hong Kong,confirmed
47,2026-04-08T10:13:38.491Z,2026-04-08T10:13:38.491Z,BK61194,Rayyan Hassan,Penang,confirmed
48,2026-04-08T10:13:38.491Z,2026-04-08T10:13:38.491Z,BK97653,Aisha Brown,Istanbul,pending
49,2026-04-08T10:13:38.491Z,2026-04-08T10:13:38.491Z,BK31307,Ibrahim Rahman,Penang,confirmed
50,2026-04-08T10:13:38.491Z,2026-04-08T10:13:38.491Z,BK36322,Zain Brown,Istanbul,confirmed
51,2026-04-08T10:13:38.491Z,2026-04-08T10:13:38.491Z,BK97601,Ali Johnson,Tokyo,confirmed
52,2026-04-08T10:13:38.491Z,2026-04-08T10:13:38.491Z,BK28744,Omar Ali,Melbourne,pending
53,2026-04-08T10:13:38.491Z,2026-04-08T10:13:38.491Z,BK17596,Mia Rahman,Jakarta,pending
54,2026-04-08T10:13:38.491Z,2026-04-08T10:13:38.491Z,BK89258,Huda Davis,Delhi,confirmed
55,2026-04-08T10:13:38.491Z,2026-04-08T10:13:38.491Z,BK64639,Huda Hassan,Sydney,confirmed
56,2026-04-08T10:13:38.491Z,2026-04-08T10:13:38.491Z,BK55946,James Ali,Melbourne,confirmed
57,2026-04-08T10:13:38.491Z,2026-04-08T10:13:38.491Z,BK23712,Adam Moore,Melbourne,confirmed
58,2026-04-08T10:13:38.491Z,2026-04-08T10:13:38.491Z,BK56958,Sophia Garcia,Delhi,confirmed
59,2026-04-08T10:13:38.491Z,2026-04-08T10:13:38.491Z,BK14078,Nora Saleh,Singapore,confirmed
60,2026-04-08T10:13:38.491Z,2026-04-08T10:13:38.491Z,BK45448,Yusuf Rahman,Bangkok,confirmed
61,2026-04-08T10:13:38.491Z,2026-04-08T10:13:38.491Z,BK91405,Sara Miller,Delhi,pending
62,2026-04-08T10:13:38.491Z,2026-04-08T10:13:38.491Z,BK93622,Khalid Lim,Kuala Lumpur,confirmed
63,2026-04-08T10:13:38.491Z,2026-04-08T10:13:38.491Z,BK67795,Lina Brown,Istanbul,confirmed
64,2026-04-08T10:13:38.491Z,2026-04-08T10:13:38.491Z,BK10560,Ibrahim Williams,Singapore,confirmed
65,2026-04-08T10:13:38.491Z,2026-04-08T10:13:38.491Z,BK61135,Lina Lim,Penang,confirmed
66,2026-04-08T10:13:38.491Z,2026-04-08T10:13:38.491Z,BK93638,Zain Davis,Jakarta,confirmed
67,2026-04-08T10:13:38.491Z,2026-04-08T10:13:38.491Z,BK12970,Zain Abdullah,London,confirmed
68,2026-04-08T10:13:38.491Z,2026-04-08T10:13:38.491Z,BK18606,Khalid Abdullah,Delhi,confirmed
69,2026-04-08T10:13:38.491Z,2026-04-08T10:13:38.491Z,BK34880,Michael Wilson,Sydney,confirmed
70,2026-04-08T10:13:38.491Z,2026-04-08T10:13:38.491Z,BK67582,Ali Davis,London,pending
71,2026-04-08T10:13:38.491Z,2026-04-08T10:13:38.491Z,BK78855,Yusuf Hassan,Colombo,confirmed
72,2026-04-08T10:13:38.491Z,2026-04-08T10:13:38.491Z,BK96226,Michael Williams,Dubai,pending
73,2026-04-08T10:13:38.491Z,2026-04-08T10:13:38.491Z,BK27817,Ibrahim Wilson,Shanghai,confirmed
74,2026-04-08T10:13:38.491Z,2026-04-08T10:13:38.491Z,BK34120,Mia Miller,Kuala Lumpur,confirmed
75,2026-04-08T10:13:38.491Z,2026-04-08T10:13:38.491Z,BK88225,Zain Moore,Tokyo,confirmed
76,2026-04-08T10:13:38.491Z,2026-04-08T10:13:38.491Z,BK13860,Emily Lim,Jakarta,cancelled
77,2026-04-08T10:13:38.491Z,2026-04-08T10:13:38.491Z,BK95492,Ibrahim Smith,Dubai,confirmed
78,2026-04-08T10:13:38.491Z,2026-04-08T10:13:38.491Z,BK58817,Nora Williams,Colombo,confirmed
79,2026-04-08T10:13:38.491Z,2026-04-08T10:13:38.491Z,BK27799,James Khan,Tokyo,confirmed
80,2026-04-08T10:13:38.491Z,2026-04-08T10:13:38.491Z,BK51327,Amelia Williams,Beijing,confirmed
81,2026-04-08T10:13:38.491Z,2026-04-08T10:13:38.491Z,BK16912,Maryam Miller,Dubai,confirmed
82,2026-04-08T10:13:38.491Z,2026-04-08T10:13:38.491Z,BK99844,Zain Brown,Tokyo,pending
83,2026-04-08T10:13:38.491Z,2026-04-08T10:13:38.491Z,BK73688,James Ali,Bangkok,confirmed
84,2026-04-08T10:13:38.491Z,2026-04-08T10:13:38.491Z,BK39465,Omar Williams,Seoul,pending
85,2026-04-08T10:13:38.491Z,2026-04-08T10:13:38.491Z,BK21567,John Jones,Penang,confirmed
86,2026-04-08T10:13:38.491Z,2026-04-08T10:13:38.491Z,BK41236,Maryam Davis,Mumbai,confirmed
87,2026-04-08T10:13:38.491Z,2026-04-08T10:13:38.491Z,BK34202,Abdullah Jones,Manila,confirmed
88,2026-04-08T10:13:38.491Z,2026-04-08T10:13:38.491Z,BK95069,Rayyan Abdullah,Delhi,confirmed
89,2026-04-08T10:13:38.491Z,2026-04-08T10:13:38.491Z,BK16148,Yusuf Davis,Kuala Lumpur,confirmed
90,2026-04-08T10:13:38.491Z,2026-04-08T10:13:38.491Z,BK75477,Omar Othman,Tokyo,confirmed
91,2026-04-08T10:13:38.491Z,2026-04-08T10:13:38.491Z,BK25330,Michael Rahman,Melbourne,confirmed
92,2026-04-08T10:13:38.491Z,2026-04-08T10:13:38.491Z,BK25866,Emily Saleh,Doha,confirmed
93,2026-04-08T10:13:38.491Z,2026-04-08T10:13:38.491Z,BK68785,Rayyan Williams,Manila,confirmed
94,2026-04-08T10:13:38.491Z,2026-04-08T10:13:38.491Z,BK76519,Michael Brown,Sydney,confirmed
95,2026-04-08T10:13:38.491Z,2026-04-08T10:13:38.491Z,BK13534,Daniel Brown,Dubai,confirmed
96,2026-04-08T10:13:38.491Z,2026-04-08T10:13:38.491Z,BK47625,Abdullah Smith,Sydney,pending
97,2026-04-08T10:13:38.491Z,2026-04-08T10:13:38.491Z,BK90692,Olivia Abdullah,Tokyo,confirmed
98,2026-04-08T10:13:38.491Z,2026-04-08T10:13:38.491Z,BK50914,Rayyan Saleh,Beijing,confirmed
99,2026-04-08T10:13:38.491Z,2026-04-08T10:13:38.491Z,BK45346,Sophia Lim,Hong Kong,pending
100,2026-04-08T10:13:38.491Z,2026-04-08T10:13:38.491Z,BK60170,Ethan Wilson,Istanbul,confirmed
101,2026-04-08T10:13:38.491Z,2026-04-08T10:13:38.491Z,BK64557,Ibrahim Miller,Bangkok,confirmed
102,2026-04-08T10:13:38.491Z,2026-04-08T10:13:38.491Z,BK78193,Fatima Williams,Melbourne,confirmed
103,2026-04-08T10:13:38.491Z,2026-04-08T10:13:38.491Z,BK92925,Rayyan Abdullah,Mumbai,confirmed
104,2026-04-08T10:13:38.491Z,2026-04-08T10:13:38.491Z,BK30248,Noor Jones,Colombo,confirmed
105,2026-04-08T10:13:38.491Z,2026-04-08T10:13:38.491Z,BK16446,Nora Lim,Kuala Lumpur,confirmed
106,2026-04-08T10:13:38.491Z,2026-04-08T10:13:38.491Z,BK97269,Ibrahim Saleh,Penang,confirmed
107,2026-04-08T10:13:38.491Z,2026-04-08T10:13:38.491Z,BK32905,Rayyan Jones,Penang,confirmed
108,2026-04-08T10:13:38.491Z,2026-04-08T10:13:38.491Z,BK41070,Hassan Khan,Tokyo,confirmed
109,2026-04-08T10:13:38.491Z,2026-04-08T10:13:38.491Z,BK26757,Ethan Johnson,Colombo,confirmed
110,2026-04-08T10:13:38.491Z,2026-04-08T10:13:38.491Z,BK88776,Noor Wilson,Tokyo,pending
111,2026-04-08T10:13:38.491Z,2026-04-08T10:13:38.491Z,BK76292,Abdullah Wilson,Shanghai,pending
112,2026-04-08T10:13:38.491Z,2026-04-08T10:13:38.491Z,BK25558,Yusuf Lim,Beijing,cancelled
113,2026-04-08T10:13:38.491Z,2026-04-08T10:13:38.491Z,BK63105,Fatima Davis,Doha,confirmed
114,2026-04-08T10:13:38.491Z,2026-04-08T10:13:38.491Z,BK40942,Abdullah Moore,Kuala Lumpur,confirmed
115,2026-04-08T10:13:38.491Z,2026-04-08T10:13:38.491Z,BK77231,Layla Garcia,Hong Kong,confirmed
116,2026-04-08T10:13:38.491Z,2026-04-08T10:13:38.491Z,BK50648,Yusuf Jones,Bangkok,pending
117,2026-04-08T10:13:38.491Z,2026-04-08T10:13:38.491Z,BK71311,Khalid Lim,Beijing,confirmed
118,2026-04-08T10:13:38.491Z,2026-04-08T10:13:38.491Z,BK56977,Rayyan Tan,Shanghai,confirmed
119,2026-04-08T10:13:38.491Z,2026-04-08T10:13:38.491Z,BK55449,Emily Jones,Istanbul,confirmed
120,2026-04-08T10:13:38.491Z,2026-04-08T10:13:38.491Z,BK53560,Aisha Jones,Tokyo,confirmed
121,2026-04-08T10:13:38.491Z,2026-04-08T10:13:38.491Z,BK31100,Sara Wilson,Delhi,confirmed
122,2026-04-08T10:13:38.491Z,2026-04-08T10:13:38.491Z,BK40272,Olivia Yusof,Istanbul,pending
123,2026-04-08T10:13:38.491Z,2026-04-08T10:13:38.491Z,BK90156,John Ali,Hong Kong,confirmed
124,2026-04-08T10:13:38.491Z,2026-04-08T10:13:38.491Z,BK27468,Ibrahim Tan,Singapore,cancelled
125,2026-04-08T10:13:38.491Z,2026-04-08T10:13:38.491Z,BK41713,James Abdullah,Melbourne,confirmed
126,2026-04-08T10:13:38.491Z,2026-04-08T10:13:38.491Z,BK64969,Sara Smith,Tokyo,cancelled
127,2026-04-08T10:13:38.491Z,2026-04-08T10:13:38.491Z,BK49606,Huda Rahman,Manila,confirmed
128,2026-04-08T10:13:38.491Z,2026-04-08T10:13:38.491Z,BK73090,Amelia Hassan,Istanbul,confirmed
129,2026-04-08T10:13:38.491Z,2026-04-08T10:13:38.491Z,BK77842,Olivia Hassan,Istanbul,confirmed
130,2026-04-08T10:13:38.491Z,2026-04-08T10:13:38.491Z,BK18641,Omar Miller,Beijing,confirmed
131,2026-04-08T10:13:38.491Z,2026-04-08T10:13:38.491Z,BK35128,John Brown,Colombo,confirmed
132,2026-04-08T10:13:38.491Z,2026-04-08T10:13:38.491Z,BK98819,James Othman,Beijing,pending
133,2026-04-08T10:13:38.491Z,2026-04-08T10:13:38.491Z,BK52041,Abdullah Yusof,Sydney,confirmed
134,2026-04-08T10:13:38.491Z,2026-04-08T10:13:38.491Z,BK67412,Khalid Hassan,Colombo,confirmed
135,2026-04-08T10:13:38.491Z,2026-04-08T10:13:38.491Z,BK54440,Hassan Khan,Jakarta,confirmed
136,2026-04-08T10:13:38.491Z,2026-04-08T10:13:38.491Z,BK92010,Layla Othman,Jakarta,pending
137,2026-04-08T10:13:38.491Z,2026-04-08T10:13:38.491Z,BK43350,Rayyan Garcia,Mumbai,confirmed
138,2026-04-08T10:13:38.491Z,2026-04-08T10:13:38.491Z,BK18509,Hassan Abdullah,Dubai,confirmed
139,2026-04-08T10:13:38.491Z,2026-04-08T10:13:38.491Z,BK94418,Aisha Othman,London,pending
140,2026-04-08T10:13:38.491Z,2026-04-08T10:13:38.491Z,BK26642,Sara Yusof,Mumbai,confirmed
141,2026-04-08T10:13:38.491Z,2026-04-08T10:13:38.491Z,BK10718,Omar Wilson,Singapore,confirmed
142,2026-04-08T10:13:38.491Z,2026-04-08T10:13:38.491Z,BK54233,Aisha Brown,Doha,pending
143,2026-04-08T10:13:38.491Z,2026-04-08T10:13:38.491Z,BK33740,Lina Wilson,Seoul,confirmed
144,2026-04-08T10:13:38.491Z,2026-04-08T10:13:38.491Z,BK86425,Zain Hassan,Seoul,confirmed
145,2026-04-08T10:13:38.491Z,2026-04-08T10:13:38.491Z,BK75234,Ahmed Moore,Doha,confirmed
146,2026-04-08T10:13:38.491Z,2026-04-08T10:13:38.491Z,BK94857,Aisha Tan,Tokyo,confirmed
147,2026-04-08T10:13:38.491Z,2026-04-08T10:13:38.491Z,BK38490,Olivia Smith,Singapore,confirmed
148,2026-04-08T10:13:38.491Z,2026-04-08T10:13:38.491Z,BK97855,Amelia Yusof,Penang,confirmed
149,2026-04-08T10:13:38.491Z,2026-04-08T10:13:38.491Z,BK96645,Huda Rahman,Mumbai,confirmed
150,2026-04-08T10:13:38.491Z,2026-04-08T10:13:38.491Z,BK42647,Fatima Yusof,Bangkok,confirmed
151,2026-04-08T10:13:38.491Z,2026-04-08T10:13:38.491Z,BK10543,Zain Tan,Penang,confirmed
152,2026-04-08T10:13:38.491Z,2026-04-08T10:13:38.491Z,BK18318,Maryam Tan,Shanghai,pending
153,2026-04-08T10:13:38.491Z,2026-04-08T10:13:38.491Z,BK71085,Khalid Moore,Manila,pending
154,2026-04-08T10:13:38.491Z,2026-04-08T10:13:38.491Z,BK17228,Lina Khan,Melbourne,confirmed
155,2026-04-08T10:13:38.491Z,2026-04-08T10:13:38.491Z,BK11374,Rayyan Davis,Istanbul,pending
156,2026-04-08T10:13:38.491Z,2026-04-08T10:13:38.491Z,BK31476,Amelia Wilson,Doha,confirmed
157,2026-04-08T10:13:38.491Z,2026-04-08T10:13:38.491Z,BK75717,Omar Tan,Seoul,confirmed
158,2026-04-08T10:13:38.491Z,2026-04-08T10:13:38.491Z,BK91452,Rayyan Davis,Delhi,confirmed
159,2026-04-08T10:13:38.491Z,2026-04-08T10:13:38.491Z,BK75276,Hassan Wilson,London,confirmed
160,2026-04-08T10:13:38.491Z,2026-04-08T10:13:38.491Z,BK19430,Omar Garcia,Melbourne,confirmed
161,2026-04-08T10:13:38.491Z,2026-04-08T10:13:38.491Z,BK80309,Nora Davis,Mumbai,confirmed
162,2026-04-08T10:13:38.491Z,2026-04-08T10:13:38.491Z,BK24094,Daniel Abdullah,Manila,confirmed
163,2026-04-08T10:13:38.491Z,2026-04-08T10:13:38.491Z,BK25911,Khalid Tan,Doha,confirmed
164,2026-04-08T10:13:38.491Z,2026-04-08T10:13:38.491Z,BK46903,John Abdullah,Jakarta,cancelled
165,2026-04-08T10:13:38.491Z,2026-04-08T10:13:38.491Z,BK84305,Adam Hassan,Sydney,confirmed
166,2026-04-08T10:13:38.491Z,2026-04-08T10:13:38.491Z,BK44331,Khalid Yusof,Delhi,confirmed
167,2026-04-08T10:13:38.491Z,2026-04-08T10:13:38.491Z,BK99012,Noor Miller,Seoul,confirmed
168,2026-04-08T10:13:38.491Z,2026-04-08T10:13:38.491Z,BK40853,Sophia Jones,Jakarta,pending
169,2026-04-08T10:13:38.491Z,2026-04-08T10:13:38.491Z,BK39088,Daniel Williams,Jakarta,confirmed
170,2026-04-08T10:13:38.491Z,2026-04-08T10:13:38.491Z,BK40943,Huda Jones,Dubai,cancelled
171,2026-04-08T10:13:38.491Z,2026-04-08T10:13:38.491Z,BK65482,Huda Wilson,Hong Kong,confirmed
172,2026-04-08T10:13:38.491Z,2026-04-08T10:13:38.491Z,BK26112,Abdullah Saleh,Delhi,pending
173,2026-04-08T10:13:38.491Z,2026-04-08T10:13:38.491Z,BK41746,Daniel Garcia,Sydney,pending
174,2026-04-08T10:13:38.491Z,2026-04-08T10:13:38.491Z,BK22319,Ahmed Moore,Melbourne,confirmed
175,2026-04-08T10:13:38.491Z,2026-04-08T10:13:38.491Z,BK85542,Ahmed Davis,London,confirmed
176,2026-04-08T10:13:38.491Z,2026-04-08T10:13:38.491Z,BK62747,Khalid Abdullah,Delhi,pending
177,2026-04-08T10:13:38.491Z,2026-04-08T10:13:38.491Z,BK24693,Nora Yusof,Seoul,confirmed
178,2026-04-08T10:13:38.491Z,2026-04-08T10:13:38.491Z,BK13013,Aisha Lim,Dubai,confirmed
179,2026-04-08T10:13:38.491Z,2026-04-08T10:13:38.491Z,BK72638,Daniel Yusof,Penang,confirmed
180,2026-04-08T10:13:38.491Z,2026-04-08T10:13:38.491Z,BK23601,Hassan Othman,Tokyo,confirmed
181,2026-04-08T10:13:38.491Z,2026-04-08T10:13:38.491Z,BK79588,Rayyan Othman,Manila,confirmed
182,2026-04-08T10:13:38.491Z,2026-04-08T10:13:38.491Z,BK34526,Ethan Khan,Delhi,confirmed
183,2026-04-08T10:13:38.491Z,2026-04-08T10:13:38.491Z,BK52764,Zain Brown,Sydney,cancelled
184,2026-04-08T10:13:38.491Z,2026-04-08T10:13:38.491Z,BK74804,Michael Abdullah,Manila,confirmed
185,2026-04-08T10:13:38.491Z,2026-04-08T10:13:38.491Z,BK17048,Maryam Ali,Colombo,confirmed
186,2026-04-08T10:13:38.491Z,2026-04-08T10:13:38.491Z,BK57978,Ethan Tan,Jakarta,confirmed
187,2026-04-08T10:13:38.491Z,2026-04-08T10:13:38.491Z,BK81973,Ali Lim,Melbourne,confirmed
188,2026-04-08T10:13:38.491Z,2026-04-08T10:13:38.491Z,BK56851,Adam Rahman,Delhi,cancelled
189,2026-04-08T10:13:38.491Z,2026-04-08T10:13:38.491Z,BK76595,Maryam Moore,Dubai,pending
190,2026-04-08T10:13:38.491Z,2026-04-08T10:13:38.491Z,BK81637,Sophia Tan,Delhi,cancelled
191,2026-04-08T10:13:38.491Z,2026-04-08T10:13:38.491Z,BK70111,Sophia Yusof,Bangkok,confirmed
192,2026-04-08T10:13:38.491Z,2026-04-08T10:13:38.491Z,BK54317,Layla Miller,Beijing,confirmed
193,2026-04-08T10:13:38.491Z,2026-04-08T10:13:38.491Z,BK58636,John Davis,Dubai,confirmed
194,2026-04-08T10:13:38.491Z,2026-04-08T10:13:38.491Z,BK86754,Noor Smith,Shanghai,confirmed
195,2026-04-08T10:13:38.491Z,2026-04-08T10:13:38.491Z,BK96738,Fatima Garcia,Delhi,cancelled
196,2026-04-08T10:13:38.491Z,2026-04-08T10:13:38.491Z,BK74632,Nora Moore,Sydney,confirmed
197,2026-04-08T10:13:38.491Z,2026-04-08T10:13:38.491Z,BK90751,Hassan Khan,Istanbul,cancelled
198,2026-04-08T10:13:38.491Z,2026-04-08T10:13:38.491Z,BK74703,Omar Tan,Penang,confirmed
199,2026-04-08T10:13:38.491Z,2026-04-08T10:13:38.491Z,BK98301,Hassan Johnson,Sydney,cancelled
200,2026-04-08T10:13:38.491Z,2026-04-08T10:13:38.491Z,BK97306,Hassan Williams,Singapore,cancelled
