#,Created At,Updated At,flight_number,status,departure_time,arrival_time,terminal,gate,destination
5,2026-04-08T10:09:05.373Z,2026-04-08T10:09:05.373Z,AK419,on time,14:23,19:23,T3,B22,Brisbane
6,2026-04-08T10:09:05.373Z,2026-04-08T10:09:05.373Z,QR9684,on time,19:24,20:46,T1,D17,Phuket
7,2026-04-08T10:09:05.373Z,2026-04-08T10:09:05.373Z,MH9205,delayed,11:47,23:42,T2,D15,Hanoi
8,2026-04-08T10:09:05.373Z,2026-04-08T10:09:05.373Z,ET116,on time,10:26,23:10,T2,C07,Riyadh
9,2026-04-08T10:09:05.373Z,2026-04-08T10:09:05.373Z,AK1529,on time,17:58,20:27,T2,E02,Los Angeles
10,2026-04-08T10:09:05.373Z,2026-04-08T10:09:05.373Z,KL2055,delayed,17:55,20:05,T3,F19,Melbourne
11,2026-04-08T10:09:05.373Z,2026-04-08T10:09:05.373Z,QR760,cancelled,03:34,08:17,T1,D04,Frankfurt
12,2026-04-08T10:09:05.373Z,2026-04-08T10:09:05.373Z,ET7438,on time,02:41,09:44,T2,D22,Delhi
13,2026-04-08T10:09:05.373Z,2026-04-08T10:09:05.373Z,QR9990,delayed,02:40,06:25,T1,C15,Frankfurt
14,2026-04-08T10:09:05.373Z,2026-04-08T10:09:05.373Z,ET9135,on time,12:29,01:00,T1,D02,Jeddah
15,2026-04-08T10:09:05.373Z,2026-04-08T10:09:05.373Z,QF4396,boarding,07:15,11:41,T3,F07,Toronto
16,2026-04-08T10:09:05.373Z,2026-04-08T10:09:05.373Z,QF7527,on time,09:52,15:13,T3,E24,Hanoi
17,2026-04-08T10:09:05.373Z,2026-04-08T10:09:05.373Z,GA9570,on time,18:37,01:37,T1,H03,Penang
18,2026-04-08T10:09:05.373Z,2026-04-08T10:09:05.373Z,AK2514,cancelled,02:25,05:58,T2,B13,Frankfurt
19,2026-04-08T10:09:05.373Z,2026-04-08T10:09:05.373Z,AF7678,boarding,23:03,04:10,T1,B22,Brisbane
20,2026-04-08T10:09:05.373Z,2026-04-08T10:09:05.373Z,ET5583,on time,08:48,14:38,T2,A24,Shanghai
21,2026-04-08T10:09:05.373Z,2026-04-08T10:09:05.373Z,UL2937,boarding,22:19,00:57,T2,D05,Paris
22,2026-04-08T10:09:05.373Z,2026-04-08T10:09:05.373Z,SQ8847,delayed,23:06,23:56,T2,A04,Paris
23,2026-04-08T10:09:05.373Z,2026-04-08T10:09:05.373Z,CX3933,boarding,06:58,11:54,T1,B24,Toronto
24,2026-04-08T10:09:05.373Z,2026-04-08T10:09:05.373Z,QR8737,delayed,09:17,12:18,T3,C09,Auckland
25,2026-04-08T10:09:05.373Z,2026-04-08T10:09:05.373Z,AF6942,cancelled,12:13,22:15,T3,D23,Colombo
26,2026-04-08T10:09:05.373Z,2026-04-08T10:09:05.373Z,QF6128,on time,19:57,05:36,T1,D03,Riyadh
27,2026-04-08T10:09:05.373Z,2026-04-08T10:09:05.373Z,MH9648,delayed,23:54,04:39,T1,B23,Penang
28,2026-04-08T10:09:05.373Z,2026-04-08T10:09:05.373Z,EY1114,on time,06:04,12:32,T1,E22,Toronto
29,2026-04-08T10:09:05.373Z,2026-04-08T10:09:05.373Z,BA8844,delayed,09:30,20:04,T1,H14,Melbourne
30,2026-04-08T10:09:05.373Z,2026-04-08T10:09:05.373Z,AK1598,on time,03:29,11:40,T2,H24,Penang
31,2026-04-08T10:09:05.373Z,2026-04-08T10:09:05.373Z,AK1003,cancelled,18:44,01:21,T1,D07,Melbourne
32,2026-04-08T10:09:05.373Z,2026-04-08T10:09:05.373Z,KL7360,on time,09:47,17:49,T2,D03,New York
33,2026-04-08T10:09:05.373Z,2026-04-08T10:09:05.373Z,KL1614,boarding,06:43,18:40,T1,B25,Beijing
34,2026-04-08T10:09:05.373Z,2026-04-08T10:09:05.373Z,SQ6668,on time,21:34,06:36,T2,A06,Frankfurt
35,2026-04-08T10:09:05.373Z,2026-04-08T10:09:05.373Z,MH6406,on time,14:03,22:38,T3,H05,Melbourne
36,2026-04-08T10:09:05.373Z,2026-04-08T10:09:05.373Z,CX3576,delayed,06:59,17:42,T1,F02,Penang
37,2026-04-08T10:09:05.373Z,2026-04-08T10:09:05.373Z,LH7821,on time,22:09,08:02,T3,B06,Istanbul
38,2026-04-08T10:09:05.373Z,2026-04-08T10:09:05.373Z,AF1123,on time,04:02,08:52,T3,D19,Phuket
39,2026-04-08T10:09:05.373Z,2026-04-08T10:09:05.373Z,EK1353,delayed,19:18,07:21,T3,F09,Manila
40,2026-04-08T10:09:05.373Z,2026-04-08T10:09:05.373Z,JL3920,on time,14:03,21:38,T3,E15,Jeddah
41,2026-04-08T10:09:05.373Z,2026-04-08T10:09:05.373Z,QR162,boarding,20:38,08:04,T1,B18,Manila
42,2026-04-08T10:09:05.373Z,2026-04-08T10:09:05.373Z,UL4355,boarding,09:31,16:18,T1,F10,Seoul
43,2026-04-08T10:09:05.373Z,2026-04-08T10:09:05.373Z,SV8910,boarding,15:19,02:35,T3,A22,Perth
44,2026-04-08T10:09:05.373Z,2026-04-08T10:09:05.373Z,CX1707,on time,09:35,14:55,T1,C09,Mumbai
45,2026-04-08T10:09:05.373Z,2026-04-08T10:09:05.373Z,AF3460,delayed,16:42,21:00,T2,H09,Penang
46,2026-04-08T10:09:05.373Z,2026-04-08T10:09:05.373Z,QR6949,on time,14:26,16:01,T1,E06,New York
47,2026-04-08T10:09:05.373Z,2026-04-08T10:09:05.373Z,KL7017,on time,00:08,01:07,T3,C18,Doha
48,2026-04-08T10:09:05.373Z,2026-04-08T10:09:05.373Z,NH9553,on time,23:51,03:12,T1,E12,Doha
49,2026-04-08T10:09:05.373Z,2026-04-08T10:09:05.373Z,NH3451,delayed,04:16,09:21,T2,G20,Jakarta
50,2026-04-08T10:09:05.373Z,2026-04-08T10:09:05.373Z,EY2672,on time,11:02,18:54,T3,F14,Beijing
51,2026-04-08T10:09:05.373Z,2026-04-08T10:09:05.373Z,ET2618,on time,04:56,07:36,T1,H08,Melbourne
52,2026-04-08T10:09:05.373Z,2026-04-08T10:09:05.373Z,SV5738,on time,15:25,20:08,T3,D13,Riyadh
53,2026-04-08T10:09:05.373Z,2026-04-08T10:09:05.373Z,ET1147,delayed,14:31,21:20,T2,F01,Tokyo
54,2026-04-08T10:09:05.373Z,2026-04-08T10:09:05.373Z,ET2935,on time,00:49,06:10,T3,G12,Jeddah
55,2026-04-08T10:09:05.373Z,2026-04-08T10:09:05.373Z,GA9942,on time,22:27,01:15,T3,D09,Doha
56,2026-04-08T10:09:05.373Z,2026-04-08T10:09:05.373Z,GA037,delayed,22:44,08:45,T3,D12,Madrid
57,2026-04-08T10:09:05.373Z,2026-04-08T10:09:05.373Z,QR5419,delayed,02:16,08:27,T1,E17,Colombo
58,2026-04-08T10:09:05.373Z,2026-04-08T10:09:05.373Z,GA5354,on time,18:44,07:27,T1,D14,Frankfurt
59,2026-04-08T10:09:05.373Z,2026-04-08T10:09:05.373Z,SQ9334,delayed,15:16,23:01,T1,E10,Manila
60,2026-04-08T10:09:05.373Z,2026-04-08T10:09:05.373Z,GA9512,on time,01:42,13:42,T2,H22,Manila
61,2026-04-08T10:09:05.373Z,2026-04-08T10:09:05.373Z,UL7762,on time,10:47,22:51,T3,F03,Beijing
62,2026-04-08T10:09:05.373Z,2026-04-08T10:09:05.373Z,CX3690,on time,11:47,15:07,T1,H20,Istanbul
63,2026-04-08T10:09:05.373Z,2026-04-08T10:09:05.373Z,SV6800,on time,02:29,13:08,T3,G16,Amsterdam
64,2026-04-08T10:09:05.373Z,2026-04-08T10:09:05.373Z,EY2427,on time,03:23,15:57,T1,G08,Sydney
65,2026-04-08T10:09:05.373Z,2026-04-08T10:09:05.373Z,UL7621,on time,06:42,17:02,T1,H05,Los Angeles
66,2026-04-08T10:09:05.373Z,2026-04-08T10:09:05.373Z,UL9167,boarding,01:19,07:33,T2,G18,New York
67,2026-04-08T10:09:05.373Z,2026-04-08T10:09:05.373Z,SQ7787,cancelled,20:21,01:36,T3,E25,Auckland
68,2026-04-08T10:09:05.373Z,2026-04-08T10:09:05.373Z,AI3929,on time,14:22,22:42,T2,D09,Riyadh
69,2026-04-08T10:09:05.373Z,2026-04-08T10:09:05.373Z,JL8859,on time,07:45,10:56,T2,C23,Manila
70,2026-04-08T10:09:05.373Z,2026-04-08T10:09:05.373Z,QR6807,delayed,18:54,01:22,T2,A07,Rome
71,2026-04-08T10:09:05.373Z,2026-04-08T10:09:05.373Z,QF9579,boarding,04:44,05:54,T3,G16,Kuala Lumpur
72,2026-04-08T10:09:05.373Z,2026-04-08T10:09:05.373Z,NH4902,delayed,18:18,02:17,T3,D16,Hong Kong
73,2026-04-08T10:09:05.373Z,2026-04-08T10:09:05.373Z,ET7150,on time,21:34,22:53,T3,G24,Seoul
74,2026-04-08T10:09:05.373Z,2026-04-08T10:09:05.373Z,SV2101,on time,02:14,12:10,T2,A03,Madrid
75,2026-04-08T10:09:05.373Z,2026-04-08T10:09:05.373Z,TK7574,on time,11:12,12:53,T2,D15,Jeddah
76,2026-04-08T10:09:05.373Z,2026-04-08T10:09:05.373Z,JL6221,on time,14:29,22:30,T1,H01,Brisbane
77,2026-04-08T10:09:05.373Z,2026-04-08T10:09:05.373Z,EK5743,on time,12:39,00:34,T3,A25,Dubai
78,2026-04-08T10:09:05.373Z,2026-04-08T10:09:05.373Z,EY3276,on time,05:41,17:07,T1,H22,Tokyo
79,2026-04-08T10:09:05.373Z,2026-04-08T10:09:05.373Z,LH3581,on time,20:52,09:38,T2,C20,Phuket
80,2026-04-08T10:09:05.373Z,2026-04-08T10:09:05.373Z,AK2693,delayed,15:37,18:17,T2,G13,Melbourne
81,2026-04-08T10:09:05.373Z,2026-04-08T10:09:05.373Z,QR9710,on time,04:34,16:06,T3,E22,Phuket
82,2026-04-08T10:09:05.373Z,2026-04-08T10:09:05.373Z,AK9282,delayed,06:24,13:09,T3,F03,Vancouver
83,2026-04-08T10:09:05.373Z,2026-04-08T10:09:05.373Z,JL217,on time,19:20,04:31,T2,H23,Jakarta
84,2026-04-08T10:09:05.373Z,2026-04-08T10:09:05.373Z,GA2895,on time,22:48,10:44,T3,H15,Madrid
85,2026-04-08T10:09:05.373Z,2026-04-08T10:09:05.373Z,LH4407,cancelled,16:00,21:01,T1,E15,Beijing
86,2026-04-08T10:09:05.373Z,2026-04-08T10:09:05.373Z,SV9346,on time,01:49,14:03,T1,H11,Sydney
87,2026-04-08T10:09:05.373Z,2026-04-08T10:09:05.373Z,AI3485,on time,17:06,22:20,T3,E18,Kuala Lumpur
88,2026-04-08T10:09:05.373Z,2026-04-08T10:09:05.373Z,UL3140,delayed,07:55,12:52,T2,D23,San Francisco
89,2026-04-08T10:09:05.373Z,2026-04-08T10:09:05.373Z,AI7352,on time,05:35,08:00,T2,D10,Hanoi
90,2026-04-08T10:09:05.373Z,2026-04-08T10:09:05.373Z,NH7763,on time,23:53,09:46,T3,F12,Los Angeles
91,2026-04-08T10:09:05.373Z,2026-04-08T10:09:05.373Z,ET5033,on time,13:34,18:20,T1,F04,Brisbane
92,2026-04-08T10:09:05.373Z,2026-04-08T10:09:05.373Z,SQ3148,on time,12:23,21:28,T3,E04,Melbourne
93,2026-04-08T10:09:05.373Z,2026-04-08T10:09:05.373Z,CX3737,on time,17:19,21:12,T3,C09,Doha
94,2026-04-08T10:09:05.373Z,2026-04-08T10:09:05.373Z,EK9076,boarding,14:58,03:42,T3,H04,Kuala Lumpur
95,2026-04-08T10:09:05.373Z,2026-04-08T10:09:05.373Z,LH4668,on time,21:01,06:01,T1,A09,San Francisco
96,2026-04-08T10:09:05.373Z,2026-04-08T10:09:05.373Z,AK1080,on time,18:40,03:53,T3,A05,Jakarta
97,2026-04-08T10:09:05.373Z,2026-04-08T10:09:05.373Z,LH4988,on time,07:54,12:58,T2,D25,Auckland
98,2026-04-08T10:09:05.373Z,2026-04-08T10:09:05.373Z,QF7391,boarding,20:06,02:00,T2,E19,Bali
99,2026-04-08T10:09:05.373Z,2026-04-08T10:09:05.373Z,EK9998,delayed,08:23,12:45,T2,B06,Beijing
100,2026-04-08T10:09:05.373Z,2026-04-08T10:09:05.373Z,SQ9053,on time,07:33,11:03,T2,H10,Doha
101,2026-04-08T10:09:05.373Z,2026-04-08T10:09:05.373Z,EY4730,boarding,14:39,03:28,T1,D09,Hanoi
102,2026-04-08T10:09:05.373Z,2026-04-08T10:09:05.373Z,BA6975,on time,08:55,19:02,T1,E05,Istanbul
103,2026-04-08T10:09:05.373Z,2026-04-08T10:09:05.373Z,EK2728,delayed,15:29,02:28,T3,E15,Tokyo
104,2026-04-08T10:09:05.373Z,2026-04-08T10:09:05.373Z,SV4992,boarding,04:53,12:35,T3,H15,Singapore
105,2026-04-08T10:09:05.373Z,2026-04-08T10:09:05.373Z,AF663,delayed,19:44,02:04,T1,B08,Ho Chi Minh City
106,2026-04-08T10:09:05.373Z,2026-04-08T10:09:05.373Z,LH349,delayed,03:56,09:21,T1,H17,New York
107,2026-04-08T10:09:05.373Z,2026-04-08T10:09:05.373Z,ET2983,delayed,00:58,09:14,T2,B16,Cairo
108,2026-04-08T10:09:05.373Z,2026-04-08T10:09:05.373Z,GA5470,on time,15:57,04:13,T1,F14,Toronto
109,2026-04-08T10:09:05.373Z,2026-04-08T10:09:05.373Z,CX6571,on time,23:46,01:13,T2,E11,Tokyo
110,2026-04-08T10:09:05.373Z,2026-04-08T10:09:05.373Z,QF8441,boarding,05:02,17:05,T2,G02,Melbourne
111,2026-04-08T10:09:05.373Z,2026-04-08T10:09:05.373Z,UL5937,delayed,02:15,11:35,T1,D09,Perth
112,2026-04-08T10:09:05.373Z,2026-04-08T10:09:05.373Z,TK4729,on time,19:57,08:42,T1,D23,Seoul
113,2026-04-08T10:09:05.373Z,2026-04-08T10:09:05.373Z,CX9034,on time,05:28,15:43,T1,B15,Tokyo
114,2026-04-08T10:09:05.373Z,2026-04-08T10:09:05.373Z,TK8175,delayed,14:57,00:28,T2,H16,Beijing
115,2026-04-08T10:09:05.373Z,2026-04-08T10:09:05.373Z,SV9041,on time,09:56,17:18,T3,C03,Delhi
116,2026-04-08T10:09:05.373Z,2026-04-08T10:09:05.373Z,GA5578,cancelled,22:19,03:42,T2,E19,Hanoi
117,2026-04-08T10:09:05.373Z,2026-04-08T10:09:05.373Z,AI2444,on time,20:14,06:15,T2,G15,Jeddah
118,2026-04-08T10:09:05.373Z,2026-04-08T10:09:05.373Z,BA3922,on time,00:31,07:53,T2,A11,San Francisco
119,2026-04-08T10:09:05.373Z,2026-04-08T10:09:05.373Z,QF6335,boarding,03:39,15:36,T2,A05,Vancouver
120,2026-04-08T10:09:05.373Z,2026-04-08T10:09:05.373Z,LH5449,on time,08:25,16:45,T2,A24,Jakarta
121,2026-04-08T10:09:05.373Z,2026-04-08T10:09:05.373Z,GA2539,cancelled,07:33,16:23,T2,F20,Amsterdam
122,2026-04-08T10:09:05.373Z,2026-04-08T10:09:05.373Z,QR5393,on time,04:01,13:57,T2,H18,Doha
123,2026-04-08T10:09:05.373Z,2026-04-08T10:09:05.373Z,AF1131,delayed,13:00,00:36,T2,D24,Singapore
124,2026-04-08T10:09:05.373Z,2026-04-08T10:09:05.373Z,GA1622,boarding,02:37,15:27,T2,C23,Colombo
125,2026-04-08T10:09:05.373Z,2026-04-08T10:09:05.373Z,MH763,on time,16:04,17:51,T2,G05,Beijing
126,2026-04-08T10:09:05.373Z,2026-04-08T10:09:05.373Z,UL6761,cancelled,00:19,12:47,T1,C03,Bali
127,2026-04-08T10:09:05.373Z,2026-04-08T10:09:05.373Z,QF3955,on time,21:59,08:46,T2,E15,Shanghai
128,2026-04-08T10:09:05.373Z,2026-04-08T10:09:05.373Z,MH7632,delayed,14:49,03:12,T1,H12,Hanoi
129,2026-04-08T10:09:05.373Z,2026-04-08T10:09:05.373Z,CX6961,on time,04:33,09:39,T2,D13,San Francisco
130,2026-04-08T10:09:05.373Z,2026-04-08T10:09:05.373Z,AK3896,on time,18:01,04:36,T2,E01,Amsterdam
131,2026-04-08T10:09:05.373Z,2026-04-08T10:09:05.373Z,ET142,cancelled,00:19,12:51,T1,H10,Hong Kong
132,2026-04-08T10:09:05.373Z,2026-04-08T10:09:05.373Z,AF5782,on time,12:28,00:09,T2,C21,London
133,2026-04-08T10:09:05.373Z,2026-04-08T10:09:05.373Z,EK5071,delayed,20:02,21:26,T3,C03,Mumbai
134,2026-04-08T10:09:05.373Z,2026-04-08T10:09:05.373Z,JL6817,on time,10:59,15:14,T3,F17,Vancouver
135,2026-04-08T10:09:05.373Z,2026-04-08T10:09:05.373Z,ET2705,boarding,13:46,22:49,T2,F04,Los Angeles
136,2026-04-08T10:09:05.373Z,2026-04-08T10:09:05.373Z,QR2316,delayed,12:42,01:04,T2,F03,Amsterdam
137,2026-04-08T10:09:05.373Z,2026-04-08T10:09:05.373Z,MH4342,on time,23:18,02:14,T3,E19,Frankfurt
138,2026-04-08T10:09:05.373Z,2026-04-08T10:09:05.373Z,NH1785,on time,04:02,08:51,T3,F20,Hong Kong
139,2026-04-08T10:09:05.373Z,2026-04-08T10:09:05.373Z,QR7616,delayed,04:55,10:54,T1,C02,Doha
140,2026-04-08T10:09:05.373Z,2026-04-08T10:09:05.373Z,CX8081,on time,08:57,11:26,T3,C13,Los Angeles
141,2026-04-08T10:09:05.373Z,2026-04-08T10:09:05.373Z,NH8860,delayed,19:18,06:09,T1,G21,London
142,2026-04-08T10:09:05.373Z,2026-04-08T10:09:05.373Z,AI6696,delayed,14:32,15:55,T1,H15,Beijing
143,2026-04-08T10:09:05.373Z,2026-04-08T10:09:05.373Z,NH1637,delayed,04:24,11:30,T3,F02,Amsterdam
144,2026-04-08T10:09:05.373Z,2026-04-08T10:09:05.373Z,ET3119,on time,09:10,17:45,T1,A02,Riyadh
145,2026-04-08T10:09:05.373Z,2026-04-08T10:09:05.373Z,EY2073,on time,00:16,04:36,T3,D19,Manila
146,2026-04-08T10:09:05.373Z,2026-04-08T10:09:05.373Z,EY5393,on time,10:02,21:02,T1,C18,Shanghai
147,2026-04-08T10:09:05.373Z,2026-04-08T10:09:05.373Z,SQ1811,on time,03:33,04:49,T2,D19,Jeddah
148,2026-04-08T10:09:05.373Z,2026-04-08T10:09:05.373Z,MH2864,on time,14:03,15:46,T2,B24,Istanbul
149,2026-04-08T10:09:05.373Z,2026-04-08T10:09:05.373Z,AI7354,delayed,17:21,02:56,T2,D20,Doha
150,2026-04-08T10:09:05.373Z,2026-04-08T10:09:05.373Z,UL4951,boarding,20:38,08:26,T1,H13,Madrid
151,2026-04-08T10:09:05.373Z,2026-04-08T10:09:05.373Z,AK8042,boarding,20:08,22:13,T2,C03,Bangkok
152,2026-04-08T10:09:05.373Z,2026-04-08T10:09:05.373Z,ET9600,on time,23:43,12:42,T3,E15,Vancouver
153,2026-04-08T10:09:05.373Z,2026-04-08T10:09:05.373Z,AF7058,on time,08:23,21:11,T3,D14,New York
154,2026-04-08T10:09:05.373Z,2026-04-08T10:09:05.373Z,EY6789,on time,16:34,01:08,T3,B11,Madrid
155,2026-04-08T10:09:05.373Z,2026-04-08T10:09:05.373Z,JL4186,delayed,17:46,21:12,T2,B03,Singapore
156,2026-04-08T10:09:05.373Z,2026-04-08T10:09:05.373Z,QR7085,cancelled,08:17,15:28,T3,A19,Perth
157,2026-04-08T10:09:05.373Z,2026-04-08T10:09:05.373Z,KL5410,on time,03:52,06:47,T3,G24,Penang
158,2026-04-08T10:09:05.373Z,2026-04-08T10:09:05.373Z,CX9847,on time,15:39,22:29,T3,D05,San Francisco
159,2026-04-08T10:09:05.373Z,2026-04-08T10:09:05.373Z,EY1783,on time,16:57,03:16,T2,D14,Perth
160,2026-04-08T10:09:05.373Z,2026-04-08T10:09:05.373Z,AF9131,boarding,05:53,17:06,T3,E01,Sydney
161,2026-04-08T10:09:05.373Z,2026-04-08T10:09:05.373Z,ET5072,on time,16:35,23:24,T1,G03,Jakarta
162,2026-04-08T10:09:05.373Z,2026-04-08T10:09:05.373Z,MH1513,on time,23:06,03:36,T2,F06,Paris
163,2026-04-08T10:09:05.373Z,2026-04-08T10:09:05.373Z,CX5324,on time,00:22,11:22,T1,C06,Bali
164,2026-04-08T10:09:05.373Z,2026-04-08T10:09:05.373Z,EK1346,delayed,14:17,22:40,T2,H14,Delhi
165,2026-04-08T10:09:05.373Z,2026-04-08T10:09:05.373Z,BA8404,on time,08:53,15:36,T2,H17,Colombo
166,2026-04-08T10:09:05.373Z,2026-04-08T10:09:05.373Z,EK3622,on time,18:29,05:32,T1,E07,Bangkok
167,2026-04-08T10:09:05.373Z,2026-04-08T10:09:05.373Z,ET4752,on time,16:11,19:03,T3,G06,Bangkok
168,2026-04-08T10:09:05.373Z,2026-04-08T10:09:05.373Z,QF8735,delayed,12:51,22:13,T3,F03,Amsterdam
169,2026-04-08T10:09:05.373Z,2026-04-08T10:09:05.373Z,EK7157,boarding,05:38,14:18,T2,G19,Amsterdam
170,2026-04-08T10:09:05.373Z,2026-04-08T10:09:05.373Z,GA4753,on time,08:55,16:39,T2,C20,Los Angeles
171,2026-04-08T10:09:05.373Z,2026-04-08T10:09:05.373Z,NH1453,on time,19:54,22:32,T3,G17,Singapore
172,2026-04-08T10:09:05.373Z,2026-04-08T10:09:05.373Z,QF5093,on time,16:35,21:11,T1,B17,Tokyo
173,2026-04-08T10:09:05.373Z,2026-04-08T10:09:05.373Z,UL8365,on time,11:37,18:24,T3,C08,London
174,2026-04-08T10:09:05.373Z,2026-04-08T10:09:05.373Z,TK4203,delayed,11:44,15:31,T3,B06,Toronto
175,2026-04-08T10:09:05.373Z,2026-04-08T10:09:05.373Z,SV9246,delayed,00:46,09:15,T3,F21,Jeddah
176,2026-04-08T10:09:05.373Z,2026-04-08T10:09:05.373Z,TK7215,on time,07:19,16:09,T2,E19,Penang
177,2026-04-08T10:09:05.373Z,2026-04-08T10:09:05.373Z,NH8322,on time,07:31,13:38,T1,A12,Mumbai
178,2026-04-08T10:09:05.373Z,2026-04-08T10:09:05.373Z,QR1489,delayed,01:59,12:57,T2,A15,Ho Chi Minh City
179,2026-04-08T10:09:05.373Z,2026-04-08T10:09:05.373Z,BA5277,delayed,01:39,10:36,T1,H04,Riyadh
180,2026-04-08T10:09:05.373Z,2026-04-08T10:09:05.373Z,QR8276,on time,03:03,06:49,T3,H15,Auckland
181,2026-04-08T10:09:05.373Z,2026-04-08T10:09:05.373Z,UL2610,boarding,17:25,00:36,T2,G25,Riyadh
182,2026-04-08T10:09:05.373Z,2026-04-08T10:09:05.373Z,AF867,on time,02:32,14:24,T2,B18,Frankfurt
183,2026-04-08T10:09:05.373Z,2026-04-08T10:09:05.373Z,CX4138,boarding,03:24,14:31,T2,B19,Jakarta
184,2026-04-08T10:09:05.373Z,2026-04-08T10:09:05.373Z,NH5092,delayed,03:23,16:08,T1,B10,Perth
185,2026-04-08T10:09:05.373Z,2026-04-08T10:09:05.373Z,QF5391,delayed,09:21,21:37,T3,B21,Madrid
186,2026-04-08T10:09:05.373Z,2026-04-08T10:09:05.373Z,UL5938,on time,05:37,12:38,T1,F25,Toronto
187,2026-04-08T10:09:05.373Z,2026-04-08T10:09:05.373Z,BA3721,on time,09:41,13:09,T1,A22,Riyadh
188,2026-04-08T10:09:05.373Z,2026-04-08T10:09:05.373Z,AF2157,on time,01:23,08:38,T1,C24,New York
189,2026-04-08T10:09:05.373Z,2026-04-08T10:09:05.373Z,EK6741,delayed,17:26,05:48,T2,E25,New York
190,2026-04-08T10:09:05.373Z,2026-04-08T10:09:05.373Z,EY8759,boarding,13:09,19:15,T2,D12,Ho Chi Minh City
191,2026-04-08T10:09:05.373Z,2026-04-08T10:09:05.373Z,SV7574,delayed,14:37,21:58,T2,C07,Phuket
192,2026-04-08T10:09:05.373Z,2026-04-08T10:09:05.373Z,TK4106,on time,06:46,18:32,T2,B23,Auckland
193,2026-04-08T10:09:05.373Z,2026-04-08T10:09:05.373Z,AK4680,on time,07:51,11:25,T3,C14,Singapore
194,2026-04-08T10:09:05.373Z,2026-04-08T10:09:05.373Z,EY7401,on time,16:55,18:12,T2,F08,Frankfurt
195,2026-04-08T10:09:05.373Z,2026-04-08T10:09:05.373Z,QR6152,on time,12:39,13:57,T1,F05,Bangkok
196,2026-04-08T10:09:05.373Z,2026-04-08T10:09:05.373Z,EK4710,cancelled,21:07,09:49,T3,H15,Bali
197,2026-04-08T10:09:05.373Z,2026-04-08T10:09:05.373Z,MH1308,on time,05:38,10:50,T1,G04,Mumbai
198,2026-04-08T10:09:05.373Z,2026-04-08T10:09:05.373Z,EY4944,on time,09:09,10:47,T3,H03,Tokyo
199,2026-04-08T10:09:05.373Z,2026-04-08T10:09:05.373Z,AI9786,delayed,23:17,00:23,T3,D23,Jakarta
200,2026-04-08T10:09:05.373Z,2026-04-08T10:09:05.373Z,CX7042,on time,05:03,16:22,T3,G06,Singapore
201,2026-04-08T10:09:05.373Z,2026-04-08T10:09:05.373Z,UL5918,delayed,07:18,17:06,T3,A13,San Francisco
202,2026-04-08T10:09:05.373Z,2026-04-08T10:09:05.373Z,EK6348,delayed,17:44,22:53,T2,B12,Beijing
203,2026-04-08T10:09:05.373Z,2026-04-08T10:09:05.373Z,AK9543,on time,16:20,19:26,T3,F21,Sydney
204,2026-04-08T10:09:05.373Z,2026-04-08T10:09:05.373Z,SV7850,cancelled,02:33,06:29,T1,H02,Mumbai
205,2026-04-08T10:09:05.373Z,2026-04-08T10:09:05.373Z,BA727,on time,11:48,13:20,T2,G18,San Francisco
206,2026-04-08T10:09:05.373Z,2026-04-08T10:09:05.373Z,ET609,on time,03:04,07:09,T1,F09,Tokyo
207,2026-04-08T10:09:05.373Z,2026-04-08T10:09:05.373Z,NH7169,boarding,18:39,02:59,T2,F06,Toronto
208,2026-04-08T10:09:05.373Z,2026-04-08T10:09:05.373Z,AI6028,cancelled,22:43,04:06,T3,G03,Madrid
209,2026-04-08T10:09:05.373Z,2026-04-08T10:09:05.373Z,AF2966,on time,23:37,05:27,T1,F22,Mumbai
210,2026-04-08T10:09:05.373Z,2026-04-08T10:09:05.373Z,CX7315,on time,01:34,09:40,T2,F15,Doha
211,2026-04-08T10:09:05.373Z,2026-04-08T10:09:05.373Z,NH7136,boarding,14:22,02:06,T1,B22,Amsterdam
212,2026-04-08T10:09:05.373Z,2026-04-08T10:09:05.373Z,NH8416,boarding,04:11,07:44,T1,H02,Bangkok
213,2026-04-08T10:09:05.373Z,2026-04-08T10:09:05.373Z,QR3876,on time,03:01,10:06,T3,A20,Jakarta
214,2026-04-08T10:09:05.373Z,2026-04-08T10:09:05.373Z,SV6087,cancelled,17:41,02:05,T3,C17,Paris
215,2026-04-08T10:09:05.373Z,2026-04-08T10:09:05.373Z,QF5160,on time,03:10,08:45,T1,A24,Sydney
216,2026-04-08T10:09:05.373Z,2026-04-08T10:09:05.373Z,AI8492,on time,18:12,04:37,T2,H07,Bali
217,2026-04-08T10:09:05.373Z,2026-04-08T10:09:05.373Z,CX8057,on time,11:49,14:44,T1,H06,New York
218,2026-04-08T10:09:05.373Z,2026-04-08T10:09:05.373Z,QR5246,delayed,03:47,10:32,T3,E10,Seoul
219,2026-04-08T10:09:05.373Z,2026-04-08T10:09:05.373Z,SQ5932,on time,22:21,03:00,T1,C08,Toronto
220,2026-04-08T10:09:05.373Z,2026-04-08T10:09:05.373Z,MH5922,on time,23:54,10:30,T3,C20,Singapore
221,2026-04-08T10:09:05.373Z,2026-04-08T10:09:05.373Z,QR5077,delayed,18:35,03:35,T2,B05,Jeddah
222,2026-04-08T10:09:05.373Z,2026-04-08T10:09:05.373Z,QR7382,delayed,20:54,09:20,T1,C25,Bangkok
223,2026-04-08T10:09:05.373Z,2026-04-08T10:09:05.373Z,GA8248,delayed,06:53,09:50,T2,C06,Jeddah
224,2026-04-08T10:09:05.373Z,2026-04-08T10:09:05.373Z,EY5679,cancelled,22:42,04:22,T2,D21,Perth
225,2026-04-08T10:09:05.373Z,2026-04-08T10:09:05.373Z,ET2060,delayed,02:20,08:20,T1,C19,Hanoi
226,2026-04-08T10:09:05.373Z,2026-04-08T10:09:05.373Z,TK2814,delayed,03:29,14:58,T3,F19,Doha
227,2026-04-08T10:09:05.373Z,2026-04-08T10:09:05.373Z,MH1340,cancelled,06:33,18:19,T2,D25,Ho Chi Minh City
228,2026-04-08T10:09:05.373Z,2026-04-08T10:09:05.373Z,GA506,delayed,21:59,09:31,T3,E16,Beijing
229,2026-04-08T10:09:05.373Z,2026-04-08T10:09:05.373Z,QF4883,delayed,20:28,22:32,T1,H14,San Francisco
230,2026-04-08T10:09:05.373Z,2026-04-08T10:09:05.373Z,SV3352,on time,16:36,03:47,T3,F24,Cairo
231,2026-04-08T10:09:05.373Z,2026-04-08T10:09:05.373Z,QF2152,delayed,17:38,03:15,T2,D15,Tokyo
232,2026-04-08T10:09:05.373Z,2026-04-08T10:09:05.373Z,ET7376,on time,13:27,16:41,T2,G20,Rome
233,2026-04-08T10:09:05.373Z,2026-04-08T10:09:05.373Z,EY2626,delayed,16:10,02:51,T1,C16,Vancouver
234,2026-04-08T10:09:05.373Z,2026-04-08T10:09:05.373Z,SV8181,on time,15:31,00:50,T2,H08,Manila
235,2026-04-08T10:09:05.373Z,2026-04-08T10:09:05.373Z,LH5791,on time,06:39,08:20,T3,H10,Brisbane
236,2026-04-08T10:09:05.373Z,2026-04-08T10:09:05.373Z,MH1771,boarding,19:42,22:49,T3,F25,Amsterdam
237,2026-04-08T10:09:05.373Z,2026-04-08T10:09:05.373Z,NH751,delayed,18:40,20:22,T1,F18,Mumbai
238,2026-04-08T10:09:05.373Z,2026-04-08T10:09:05.373Z,QR6339,cancelled,22:12,06:43,T2,B05,London
239,2026-04-08T10:09:05.373Z,2026-04-08T10:09:05.373Z,QF6124,boarding,16:34,02:55,T1,D20,Vancouver
240,2026-04-08T10:09:05.373Z,2026-04-08T10:09:05.373Z,QF8203,on time,06:22,07:58,T3,F16,Auckland
241,2026-04-08T10:09:05.373Z,2026-04-08T10:09:05.373Z,SV2450,on time,01:41,11:18,T3,F06,Amsterdam
242,2026-04-08T10:09:05.373Z,2026-04-08T10:09:05.373Z,AF4912,delayed,01:15,07:49,T3,H23,Ho Chi Minh City
243,2026-04-08T10:09:05.373Z,2026-04-08T10:09:05.373Z,CX7790,on time,05:34,12:41,T1,G19,Colombo
244,2026-04-08T10:09:05.373Z,2026-04-08T10:09:05.373Z,MH9789,boarding,21:11,02:32,T3,D24,Penang
245,2026-04-08T10:09:05.373Z,2026-04-08T10:09:05.373Z,LH7881,delayed,10:49,20:35,T3,G05,Beijing
246,2026-04-08T10:09:05.373Z,2026-04-08T10:09:05.373Z,EK9390,on time,04:54,07:36,T2,F14,Jakarta
247,2026-04-08T10:09:05.373Z,2026-04-08T10:09:05.373Z,GA3350,cancelled,19:00,04:23,T2,A23,Bangkok
248,2026-04-08T10:09:05.373Z,2026-04-08T10:09:05.373Z,UL3407,boarding,00:08,06:30,T2,G11,Sydney
249,2026-04-08T10:09:05.373Z,2026-04-08T10:09:05.373Z,SV8744,on time,16:41,02:50,T3,E20,San Francisco
250,2026-04-08T10:09:05.373Z,2026-04-08T10:09:05.373Z,BA4048,on time,14:31,00:52,T2,E23,Manila
251,2026-04-08T10:09:05.373Z,2026-04-08T10:09:05.373Z,AI5204,delayed,21:22,04:09,T3,E10,Tokyo
252,2026-04-08T10:09:05.373Z,2026-04-08T10:09:05.373Z,LH8909,cancelled,17:57,01:31,T1,E02,Mumbai
253,2026-04-08T10:09:05.373Z,2026-04-08T10:09:05.373Z,QR5684,on time,20:05,08:06,T2,D07,Brisbane
254,2026-04-08T10:09:05.373Z,2026-04-08T10:09:05.373Z,ET9218,on time,04:45,10:13,T3,D08,Penang
255,2026-04-08T10:09:05.373Z,2026-04-08T10:09:05.373Z,UL3707,on time,02:46,07:34,T2,F23,San Francisco
256,2026-04-08T10:09:05.373Z,2026-04-08T10:09:05.373Z,AK2262,boarding,05:10,15:23,T1,G21,San Francisco
257,2026-04-08T10:09:05.373Z,2026-04-08T10:09:05.373Z,AI3277,on time,14:48,21:06,T1,B21,Ho Chi Minh City
258,2026-04-08T10:09:05.373Z,2026-04-08T10:09:05.373Z,EY8777,on time,06:16,10:05,T1,A13,Toronto
259,2026-04-08T10:09:05.373Z,2026-04-08T10:09:05.373Z,SQ4752,on time,06:16,07:15,T3,B11,Mumbai
260,2026-04-08T10:09:05.373Z,2026-04-08T10:09:05.373Z,SV8911,boarding,22:53,08:08,T1,H09,Melbourne
261,2026-04-08T10:09:05.373Z,2026-04-08T10:09:05.373Z,AK5427,delayed,10:32,19:11,T3,C01,Riyadh
262,2026-04-08T10:09:05.373Z,2026-04-08T10:09:05.373Z,CX9312,on time,04:01,08:08,T3,G14,Vancouver
263,2026-04-08T10:09:05.373Z,2026-04-08T10:09:05.373Z,JL1431,on time,18:40,06:55,T1,H11,Beijing
264,2026-04-08T10:09:05.373Z,2026-04-08T10:09:05.373Z,MH4282,on time,18:05,22:56,T2,F10,Hanoi
265,2026-04-08T10:09:05.373Z,2026-04-08T10:09:05.373Z,LH197,on time,13:55,01:54,T1,A22,Tokyo
266,2026-04-08T10:09:05.373Z,2026-04-08T10:09:05.373Z,SV5036,delayed,10:27,18:12,T3,E23,Tokyo
267,2026-04-08T10:09:05.373Z,2026-04-08T10:09:05.373Z,CX6031,on time,01:58,06:34,T1,H05,Los Angeles
268,2026-04-08T10:09:05.373Z,2026-04-08T10:09:05.373Z,AF6131,delayed,19:11,07:59,T2,D25,Beijing
269,2026-04-08T10:09:05.373Z,2026-04-08T10:09:05.373Z,AF1351,delayed,22:56,07:23,T2,B19,Tokyo
270,2026-04-08T10:09:05.373Z,2026-04-08T10:09:05.373Z,EK8982,delayed,22:15,02:32,T1,C11,Auckland
271,2026-04-08T10:09:05.373Z,2026-04-08T10:09:05.373Z,SV1914,delayed,04:13,08:33,T2,B17,New York
272,2026-04-08T10:09:05.373Z,2026-04-08T10:09:05.373Z,EK7439,on time,09:30,19:05,T3,A18,Los Angeles
273,2026-04-08T10:09:05.373Z,2026-04-08T10:09:05.373Z,CX366,cancelled,18:30,23:40,T3,D19,Istanbul
274,2026-04-08T10:09:05.373Z,2026-04-08T10:09:05.373Z,EK6951,on time,16:45,05:32,T1,B16,Doha
275,2026-04-08T10:09:05.373Z,2026-04-08T10:09:05.373Z,CX6708,cancelled,11:08,14:16,T3,G12,Frankfurt
276,2026-04-08T10:09:05.373Z,2026-04-08T10:09:05.373Z,SV6194,delayed,17:49,20:01,T3,C21,Cairo
277,2026-04-08T10:09:05.373Z,2026-04-08T10:09:05.373Z,AK2934,delayed,23:20,06:52,T3,D01,Dubai
278,2026-04-08T10:09:05.373Z,2026-04-08T10:09:05.373Z,CX7595,on time,03:59,14:06,T2,D08,Los Angeles
279,2026-04-08T10:09:05.373Z,2026-04-08T10:09:05.373Z,NH2551,boarding,14:24,18:27,T3,B02,Rome
280,2026-04-08T10:09:05.373Z,2026-04-08T10:09:05.373Z,AF266,on time,13:12,17:33,T3,A15,Phuket
281,2026-04-08T10:09:05.373Z,2026-04-08T10:09:05.373Z,EK4019,on time,06:30,14:11,T3,D25,Penang
282,2026-04-08T10:09:05.373Z,2026-04-08T10:09:05.373Z,TK8265,cancelled,14:52,19:41,T3,F19,Phuket
283,2026-04-08T10:09:05.373Z,2026-04-08T10:09:05.373Z,JL3891,boarding,15:18,18:34,T3,D14,Colombo
284,2026-04-08T10:09:05.373Z,2026-04-08T10:09:05.373Z,ET1008,boarding,00:00,10:55,T1,G18,Toronto
285,2026-04-08T10:09:05.373Z,2026-04-08T10:09:05.373Z,EK5652,on time,02:57,15:14,T3,F23,Rome
286,2026-04-08T10:09:05.373Z,2026-04-08T10:09:05.373Z,GA2454,on time,15:14,22:29,T3,H08,Hong Kong
287,2026-04-08T10:09:05.373Z,2026-04-08T10:09:05.373Z,CX2375,delayed,20:48,22:37,T2,C13,Beijing
288,2026-04-08T10:09:05.373Z,2026-04-08T10:09:05.373Z,ET3341,on time,16:16,04:08,T2,F03,Brisbane
289,2026-04-08T10:09:05.373Z,2026-04-08T10:09:05.373Z,BA854,delayed,14:09,21:25,T3,A03,Melbourne
290,2026-04-08T10:09:05.373Z,2026-04-08T10:09:05.373Z,LH9166,on time,12:24,21:24,T2,E01,Manila
291,2026-04-08T10:09:05.373Z,2026-04-08T10:09:05.373Z,BA1932,delayed,21:20,02:18,T3,D13,Beijing
292,2026-04-08T10:09:05.373Z,2026-04-08T10:09:05.373Z,KL5279,on time,14:39,21:58,T3,F10,Shanghai
293,2026-04-08T10:09:05.373Z,2026-04-08T10:09:05.373Z,NH8411,on time,21:58,06:45,T3,H25,Jeddah
294,2026-04-08T10:09:05.373Z,2026-04-08T10:09:05.373Z,BA6083,on time,15:40,23:33,T1,C01,Shanghai
295,2026-04-08T10:09:05.373Z,2026-04-08T10:09:05.373Z,KL9578,on time,00:46,08:43,T1,F08,Frankfurt
296,2026-04-08T10:09:05.373Z,2026-04-08T10:09:05.373Z,LH4036,delayed,22:02,08:15,T3,F09,Toronto
297,2026-04-08T10:09:05.373Z,2026-04-08T10:09:05.373Z,AI7560,on time,10:44,17:34,T3,H06,Brisbane
298,2026-04-08T10:09:05.373Z,2026-04-08T10:09:05.373Z,EK8594,boarding,06:09,08:15,T3,A25,Kuala Lumpur
299,2026-04-08T10:09:05.373Z,2026-04-08T10:09:05.373Z,GA2262,on time,02:31,07:17,T1,A07,Vancouver
300,2026-04-08T10:09:05.373Z,2026-04-08T10:09:05.373Z,SV6124,delayed,07:03,18:25,T3,H22,Toronto
301,2026-04-08T10:09:05.373Z,2026-04-08T10:09:05.373Z,MH118,on time,23:09,09:23,T1,E18,Mumbai
302,2026-04-08T10:09:05.373Z,2026-04-08T10:09:05.373Z,MH8238,on time,04:49,17:09,T1,B04,Auckland
303,2026-04-08T10:09:05.373Z,2026-04-08T10:09:05.373Z,TK3958,delayed,11:33,22:57,T2,E13,Singapore
304,2026-04-08T10:09:05.373Z,2026-04-08T10:09:05.373Z,NH6662,on time,20:40,07:08,T3,D10,Singapore
305,2026-04-08T10:09:05.373Z,2026-04-08T10:09:05.373Z,EK1541,on time,18:50,02:08,T2,A21,Kuala Lumpur
306,2026-04-08T10:09:05.373Z,2026-04-08T10:09:05.373Z,SQ1364,delayed,22:03,06:17,T2,B17,Doha
307,2026-04-08T10:09:05.373Z,2026-04-08T10:09:05.373Z,EY3473,on time,04:37,15:07,T1,B22,Delhi
308,2026-04-08T10:09:05.373Z,2026-04-08T10:09:05.373Z,KL9242,on time,03:27,04:50,T2,A07,Hanoi
309,2026-04-08T10:09:05.373Z,2026-04-08T10:09:05.373Z,TK6535,on time,07:37,13:33,T1,G22,Brisbane
310,2026-04-08T10:09:05.373Z,2026-04-08T10:09:05.373Z,JL6298,delayed,09:46,22:21,T3,F02,London
311,2026-04-08T10:09:05.373Z,2026-04-08T10:09:05.373Z,GA3813,delayed,07:35,14:13,T3,G25,Jeddah
312,2026-04-08T10:09:05.373Z,2026-04-08T10:09:05.373Z,MH4488,on time,20:22,05:34,T3,G14,Sydney
313,2026-04-08T10:09:05.373Z,2026-04-08T10:09:05.373Z,LH6237,on time,07:55,19:18,T1,B03,Delhi
314,2026-04-08T10:09:05.373Z,2026-04-08T10:09:05.373Z,TK6235,delayed,02:38,06:05,T2,F04,Singapore
315,2026-04-08T10:09:05.373Z,2026-04-08T10:09:05.373Z,MH5060,cancelled,20:10,03:08,T1,C03,Sydney
316,2026-04-08T10:09:05.373Z,2026-04-08T10:09:05.373Z,GA7363,delayed,00:00,10:18,T1,A03,Cairo
317,2026-04-08T10:09:05.373Z,2026-04-08T10:09:05.373Z,KL1534,cancelled,01:22,12:24,T2,A10,Rome
318,2026-04-08T10:09:05.373Z,2026-04-08T10:09:05.373Z,QF1397,delayed,00:05,05:03,T1,G06,Bangkok
319,2026-04-08T10:09:05.373Z,2026-04-08T10:09:05.373Z,ET4943,on time,14:09,23:23,T1,G09,Rome
320,2026-04-08T10:09:05.373Z,2026-04-08T10:09:05.373Z,CX7943,on time,07:37,14:36,T1,H20,Bali
321,2026-04-08T10:09:05.373Z,2026-04-08T10:09:05.373Z,BA7511,on time,08:39,11:47,T2,F20,Frankfurt
322,2026-04-08T10:09:05.373Z,2026-04-08T10:09:05.373Z,JL7222,cancelled,16:25,00:35,T3,C10,Jeddah
323,2026-04-08T10:09:05.373Z,2026-04-08T10:09:05.373Z,AF3300,on time,21:21,03:32,T2,F10,Toronto
324,2026-04-08T10:09:05.373Z,2026-04-08T10:09:05.373Z,LH3981,on time,16:07,23:22,T2,F04,Ho Chi Minh City
325,2026-04-08T10:09:05.373Z,2026-04-08T10:09:05.373Z,BA9713,delayed,23:37,03:31,T3,A24,Los Angeles
326,2026-04-08T10:09:05.373Z,2026-04-08T10:09:05.373Z,BA7193,on time,14:56,03:35,T2,H05,Colombo
327,2026-04-08T10:09:05.373Z,2026-04-08T10:09:05.373Z,EY4149,delayed,03:28,06:55,T2,B15,Phuket
328,2026-04-08T10:09:05.373Z,2026-04-08T10:09:05.373Z,AI9549,delayed,18:40,04:37,T3,G18,Doha
329,2026-04-08T10:09:05.373Z,2026-04-08T10:09:05.373Z,NH8806,boarding,01:16,12:59,T1,D22,Cairo
330,2026-04-08T10:09:05.373Z,2026-04-08T10:09:05.373Z,SQ735,delayed,00:13,12:03,T2,F14,London
331,2026-04-08T10:09:05.373Z,2026-04-08T10:09:05.373Z,MH1625,delayed,13:49,18:26,T3,D15,Paris
332,2026-04-08T10:09:05.373Z,2026-04-08T10:09:05.373Z,QF7596,delayed,04:11,15:03,T1,F01,San Francisco
333,2026-04-08T10:09:05.373Z,2026-04-08T10:09:05.373Z,AK4850,on time,19:11,21:28,T3,C12,Colombo
334,2026-04-08T10:09:05.373Z,2026-04-08T10:09:05.373Z,JL7470,on time,12:03,21:46,T2,B15,New York
335,2026-04-08T10:09:05.373Z,2026-04-08T10:09:05.373Z,JL1110,cancelled,15:14,16:49,T1,A11,London
336,2026-04-08T10:09:05.373Z,2026-04-08T10:09:05.373Z,SQ4006,delayed,22:36,02:24,T2,G15,Hong Kong
337,2026-04-08T10:09:05.373Z,2026-04-08T10:09:05.373Z,QF3032,delayed,11:21,23:06,T2,A24,Bali
338,2026-04-08T10:09:05.373Z,2026-04-08T10:09:05.373Z,BA7375,on time,01:12,09:21,T3,D07,Delhi
339,2026-04-08T10:09:05.373Z,2026-04-08T10:09:05.373Z,QR9469,on time,08:28,18:27,T2,D15,Tokyo
340,2026-04-08T10:09:05.373Z,2026-04-08T10:09:05.373Z,ET8029,on time,23:00,10:44,T2,G19,Tokyo
341,2026-04-08T10:09:05.373Z,2026-04-08T10:09:05.373Z,NH5776,on time,20:37,07:59,T3,E20,Hanoi
342,2026-04-08T10:09:05.373Z,2026-04-08T10:09:05.373Z,QR2204,on time,15:41,18:31,T1,C12,Jakarta
343,2026-04-08T10:09:05.373Z,2026-04-08T10:09:05.373Z,UL6374,on time,19:16,06:16,T2,G06,Toronto
344,2026-04-08T10:09:05.373Z,2026-04-08T10:09:05.373Z,KL2848,on time,23:56,03:36,T1,C11,New York
345,2026-04-08T10:09:05.373Z,2026-04-08T10:09:05.373Z,AF888,on time,17:15,18:14,T1,G18,Vancouver
346,2026-04-08T10:09:05.373Z,2026-04-08T10:09:05.373Z,AI6713,on time,04:22,13:35,T2,H06,Singapore
347,2026-04-08T10:09:05.373Z,2026-04-08T10:09:05.373Z,LH515,on time,12:31,18:20,T1,E06,Los Angeles
348,2026-04-08T10:09:05.373Z,2026-04-08T10:09:05.373Z,LH8125,on time,23:45,09:18,T1,E25,Brisbane
349,2026-04-08T10:09:05.373Z,2026-04-08T10:09:05.373Z,NH8890,delayed,06:25,14:46,T2,B24,Beijing
350,2026-04-08T10:09:05.373Z,2026-04-08T10:09:05.373Z,CX538,on time,20:21,01:40,T1,H04,Beijing
351,2026-04-08T10:09:05.373Z,2026-04-08T10:09:05.373Z,BA9642,boarding,04:31,11:20,T3,G06,Bali
352,2026-04-08T10:09:05.373Z,2026-04-08T10:09:05.373Z,TK3395,delayed,12:03,13:53,T3,E20,Brisbane
353,2026-04-08T10:09:05.373Z,2026-04-08T10:09:05.373Z,SQ5312,delayed,14:59,20:45,T3,B05,Rome
354,2026-04-08T10:09:05.373Z,2026-04-08T10:09:05.373Z,EK4553,delayed,03:23,06:22,T1,D05,Jeddah
355,2026-04-08T10:09:05.373Z,2026-04-08T10:09:05.373Z,EY6444,delayed,21:42,00:57,T2,G13,New York
356,2026-04-08T10:09:05.373Z,2026-04-08T10:09:05.373Z,QR1535,delayed,18:45,04:22,T3,F15,Toronto
357,2026-04-08T10:09:05.373Z,2026-04-08T10:09:05.373Z,JL9544,delayed,05:05,07:30,T2,F03,Brisbane
358,2026-04-08T10:09:05.373Z,2026-04-08T10:09:05.373Z,QF3578,on time,19:39,00:05,T2,E11,Perth
359,2026-04-08T10:09:05.373Z,2026-04-08T10:09:05.373Z,LH2149,cancelled,00:19,09:25,T3,A02,London
360,2026-04-08T10:09:05.373Z,2026-04-08T10:09:05.373Z,SV276,on time,09:14,12:45,T1,G07,Bangkok
361,2026-04-08T10:09:05.373Z,2026-04-08T10:09:05.373Z,CX2614,delayed,14:21,16:46,T2,B12,Seoul
362,2026-04-08T10:09:05.373Z,2026-04-08T10:09:05.373Z,EK6503,delayed,02:21,08:23,T1,G21,Singapore
363,2026-04-08T10:09:05.373Z,2026-04-08T10:09:05.373Z,AK027,on time,12:17,21:15,T3,D17,New York
364,2026-04-08T10:09:05.373Z,2026-04-08T10:09:05.373Z,MH142,cancelled,04:44,11:25,T2,C16,Istanbul
365,2026-04-08T10:09:05.373Z,2026-04-08T10:09:05.373Z,EY6286,on time,08:02,10:36,T2,E05,Frankfurt
366,2026-04-08T10:09:05.373Z,2026-04-08T10:09:05.373Z,TK2350,delayed,07:20,17:13,T3,C15,Cairo
367,2026-04-08T10:09:05.373Z,2026-04-08T10:09:05.373Z,BA2490,delayed,19:03,06:23,T1,B04,Bangkok
368,2026-04-08T10:09:05.373Z,2026-04-08T10:09:05.373Z,AK9669,boarding,18:06,00:55,T2,C08,Delhi
369,2026-04-08T10:09:05.373Z,2026-04-08T10:09:05.373Z,QR4075,delayed,23:53,10:58,T3,E25,Dubai
370,2026-04-08T10:09:05.373Z,2026-04-08T10:09:05.373Z,CX3376,delayed,22:40,09:51,T3,G10,Penang
371,2026-04-08T10:09:05.373Z,2026-04-08T10:09:05.373Z,EY8118,on time,18:10,20:55,T3,B17,Kuala Lumpur
372,2026-04-08T10:09:05.373Z,2026-04-08T10:09:05.373Z,NH5195,boarding,09:30,16:56,T3,G12,Brisbane
373,2026-04-08T10:09:05.373Z,2026-04-08T10:09:05.373Z,SQ7727,delayed,07:29,08:36,T1,E07,Doha
374,2026-04-08T10:09:05.373Z,2026-04-08T10:09:05.373Z,EK6530,delayed,22:17,04:00,T3,G14,Amsterdam
375,2026-04-08T10:09:05.373Z,2026-04-08T10:09:05.373Z,QR8801,on time,23:21,10:41,T1,E03,Vancouver
376,2026-04-08T10:09:05.373Z,2026-04-08T10:09:05.373Z,BA2555,on time,23:18,05:42,T3,B10,Madrid
377,2026-04-08T10:09:05.373Z,2026-04-08T10:09:05.373Z,EY958,boarding,13:20,15:38,T1,H20,Phuket
378,2026-04-08T10:09:05.373Z,2026-04-08T10:09:05.373Z,EK5077,delayed,03:44,15:47,T1,A23,Bangkok
379,2026-04-08T10:09:05.373Z,2026-04-08T10:09:05.373Z,MH2694,delayed,21:56,04:41,T3,E06,Paris
380,2026-04-08T10:09:05.373Z,2026-04-08T10:09:05.373Z,TK4413,on time,09:01,10:21,T2,E17,Istanbul
381,2026-04-08T10:09:05.373Z,2026-04-08T10:09:05.373Z,ET9457,on time,02:25,04:33,T3,F02,Toronto
382,2026-04-08T10:09:05.373Z,2026-04-08T10:09:05.373Z,LH2744,on time,17:33,21:04,T1,B08,Vancouver
383,2026-04-08T10:09:05.373Z,2026-04-08T10:09:05.373Z,MH731,on time,05:25,10:25,T2,G05,Sydney
384,2026-04-08T10:09:05.373Z,2026-04-08T10:09:05.373Z,EK9068,on time,03:22,11:21,T1,G24,Jeddah
385,2026-04-08T10:09:05.373Z,2026-04-08T10:09:05.373Z,ET1286,on time,00:30,07:41,T3,A06,Hong Kong
386,2026-04-08T10:09:05.373Z,2026-04-08T10:09:05.373Z,UL762,boarding,18:41,20:41,T2,E11,Singapore
387,2026-04-08T10:09:05.373Z,2026-04-08T10:09:05.373Z,KL7493,on time,05:16,12:23,T3,E24,Bali
388,2026-04-08T10:09:05.373Z,2026-04-08T10:09:05.373Z,EY7610,boarding,17:34,04:29,T1,D05,Kuala Lumpur
389,2026-04-08T10:09:05.373Z,2026-04-08T10:09:05.373Z,GA401,on time,12:57,23:01,T3,A11,Kuala Lumpur
390,2026-04-08T10:09:05.373Z,2026-04-08T10:09:05.373Z,QF5048,delayed,08:32,12:52,T1,G16,Penang
391,2026-04-08T10:09:05.373Z,2026-04-08T10:09:05.373Z,TK4594,boarding,08:10,09:44,T3,G23,Paris
392,2026-04-08T10:09:05.373Z,2026-04-08T10:09:05.373Z,SV1401,delayed,00:49,03:16,T3,G03,Hanoi
393,2026-04-08T10:09:05.373Z,2026-04-08T10:09:05.373Z,LH1030,boarding,19:50,07:58,T1,E09,Jeddah
394,2026-04-08T10:09:05.373Z,2026-04-08T10:09:05.373Z,QF5355,on time,15:51,00:24,T1,D05,Hanoi
395,2026-04-08T10:09:05.373Z,2026-04-08T10:09:05.373Z,AK2556,on time,08:36,12:14,T2,G04,Brisbane
396,2026-04-08T10:09:05.373Z,2026-04-08T10:09:05.373Z,NH3411,on time,20:25,02:30,T1,B06,Colombo
397,2026-04-08T10:09:05.373Z,2026-04-08T10:09:05.373Z,AF670,on time,12:20,18:45,T3,D12,Amsterdam
398,2026-04-08T10:09:05.373Z,2026-04-08T10:09:05.373Z,UL812,on time,04:06,10:02,T1,A13,New York
399,2026-04-08T10:09:05.373Z,2026-04-08T10:09:05.373Z,KL9023,on time,13:31,15:57,T1,B01,Penang
400,2026-04-08T10:09:05.373Z,2026-04-08T10:09:05.373Z,EY2151,on time,11:45,19:25,T3,B19,Hanoi
401,2026-04-08T10:09:05.373Z,2026-04-08T10:09:05.373Z,ET1238,on time,05:44,07:40,T3,H05,Singapore
402,2026-04-08T10:09:05.373Z,2026-04-08T10:09:05.373Z,JL2017,on time,06:27,15:09,T3,G24,Amsterdam
403,2026-04-08T10:09:05.373Z,2026-04-08T10:09:05.373Z,AI493,on time,18:03,06:32,T2,D06,Delhi
404,2026-04-08T10:09:05.373Z,2026-04-08T10:09:05.373Z,ET7317,delayed,10:04,11:29,T3,D21,Mumbai
